application_id,age,monthly_income,loan_amount,previous_defaults,credit_score,true_default,predicted_prob
501730,24,5410762,2006571,0,849.0423191416054,0,0.0017412379243539207
505541,54,8778441,14120345,0,847.4528964560628,0,0.004631097352613088
505065,28,14890214,2779923,0,849.7031917813141,0,0.0005396513067015724
502030,50,7157863,2182941,0,848.4546001349859,0,0.0028098179363893706
503346,37,5810685,7980815,0,847.531867439247,0,0.004487513746823649
501406,43,9812701,1297724,0,849.6817496035296,0,0.0005786370844915934
506293,46,6664133,4935085,0,849.1794924390584,0,0.0014918319289846996
501678,56,17368482,10036476,1,849.2578539108321,0,0.0013493565257598743
503718,38,14655131,11596353,0,847.6966221653574,0,0.004187959699350034
501506,25,19642436,12365706,0,849.2831691791663,0,0.0013033287651522574
506359,54,4595301,4262586,0,848.6176582112162,0,0.0025133487068796927
501127,41,17769092,4948214,0,849.5205292071373,0,0.0008717650779321125
504567,59,5055867,4675915,0,849.4992763969714,0,0.0009104065509611637
504538,53,11149003,3298338,0,849.775255543853,0,0.0004086262839038117
502333,41,19738841,14587081,0,848.5553984368046,0,0.0026265482967190623
504681,37,8079116,12416785,0,843.1854794671526,0,0.012390037332449753
503989,37,6243748,12707308,0,825.2171466382189,0,0.045059733385056686
502276,25,5984064,12262346,0,847.6803512577776,0,0.004217543167677042
506855,24,12318083,6615686,0,848.0121983925633,0,0.0036141847407941178
505695,32,8905227,14789072,1,848.9195494883173,1,0.0019644554757866405
503741,28,3392289,2311707,0,849.4353425348437,0,0.0010266499366478024
503593,56,11634493,9945879,0,849.0503921714837,0,0.0017265596882113951
504768,29,15458151,10792373,1,847.43570903462,0,0.004662347209781868
501472,50,19804996,12402466,0,847.8870406334454,0,0.003841744302826483
502736,57,9985138,3640590,0,849.5885131994551,0,0.0007481578191726547
505101,58,18219167,5891379,0,849.6040236809903,0,0.0007199569436539674
506975,57,10451356,12123490,0,846.2361078217901,0,0.006843440324017864
504411,30,4964154,8367182,0,834.0358465629772,0,0.02902573352185965
503260,31,14586544,3470174,1,849.4082024420305,0,0.001075995559944583
501869,27,7805492,6214791,0,849.1759979540635,0,0.00149818553806621
503089,28,10662051,7039637,0,849.718614235649,0,0.0005116104806380707
504969,44,16610896,14407274,0,846.5571030443446,0,0.006259812646646264
505773,40,16479273,14896626,0,849.3967483855024,0,0.0010968211172684079
502072,47,5920830,1115097,0,848.5079636097497,0,0.0027127934368186436
504317,21,8104509,6527169,1,846.1671864690492,0,0.006968751874455987
501628,45,11433783,4124909,1,848.3099917111376,0,0.0030727423433861817
504633,53,15942031,4850158,1,847.8100804004233,0,0.003981671999230369
503721,50,15723433,4709134,0,849.7431585651233,0,0.00046698442704864486
504191,27,6610624,6080222,0,849.0388369259011,0,0.0017475692256342388
506586,57,10741102,5352873,0,849.0367704015601,0,0.0017513265426180142
501768,58,4910380,8845844,0,849.4000031937422,0,0.0010909032841051542
505804,47,7308357,13600981,0,841.0921745518077,0,0.01619604626944058
502261,26,16447523,13410994,0,849.5359141202841,0,0.0008437925085742437
506933,47,5839393,10138760,0,849.1221498060792,0,0.0015960912616741173
502495,21,16409709,2594694,0,849.622971120111,0,0.0006855070543437226
503583,50,16725544,7310050,0,849.0045549449343,0,0.0018099001001194211
503138,29,4001914,9074383,0,849.4514374896494,0,0.0009973863824556761
501612,47,12464854,1971056,0,849.5471325393078,0,0.0008233953830767293
502658,57,11069373,4056923,0,774.0046875898354,0,0.1381732952912083
501879,55,10093908,3862170,0,849.2960917171255,0,0.0012798332415899312
503736,59,9818848,13771304,0,833.0035169595328,0,0.03090269643721307
501567,51,19473303,6048243,0,849.7950870736018,0,0.00037256895708752825
503616,26,9565504,12908013,0,849.0089090308176,0,0.001801983580331624
503010,37,7834047,9677351,0,849.0192143841489,0,0.0017832465742747404
505457,42,6981089,1302110,0,848.8408022699917,0,0.00210763223637851
506028,24,3170638,4077803,0,849.4091934423795,0,0.0010741937411280608
502836,57,16862876,12236960,0,847.2706223522895,0,0.004962504814019169
505347,40,18121353,10361193,0,848.7614381993058,0,0.0022519305467167978
505154,42,18885425,3359841,1,849.3861341593071,0,0.001116119710350741
502582,46,16729895,4969197,0,849.8382180843059,0,0.0002941489376254968
504781,22,15345080,12840275,0,848.020774532077,0,0.003598591759860055
505799,27,12908362,13399232,0,849.5056776530031,0,0.0008987679036307848
506786,36,5717773,14643260,0,779.0830587692176,0,0.1289398931468771
503826,46,6623839,4922421,0,849.1127317296309,0,0.0016132150370345706
501776,21,6531803,8027240,0,849.4600043762722,0,0.0009818102249595799
502021,45,13096909,11212493,0,849.1716012279097,0,0.0015061795856186066
501831,43,13021899,14560124,0,849.6337250933384,0,0.000665954375748347
501397,39,4154131,2168790,0,849.3333138690108,0,0.001212156601798657
503512,29,16367449,9290831,0,847.2753674339328,0,0.004953877392849429
505323,34,4146776,13314772,0,846.643365674051,0,0.006102971501725478
503901,50,15650480,11680313,1,849.1922958451762,0,0.0014685530087704733
502998,36,14804270,8189822,0,848.8605402187457,0,0.002071745056826191
505598,39,14168408,13650014,0,846.4187639319001,0,0.006511338305636168
502708,38,5780448,12596446,1,842.1651100040443,0,0.014245254538101177
505178,51,19550543,1580980,0,849.065319639052,0,0.001699418838087324
505988,23,15571773,2316142,0,849.6907738015117,0,0.0005622294517970086
501908,42,5446928,6264861,0,849.7025621203596,0,0.0005407961448006634
506742,29,17892662,8524775,1,843.5537970483668,0,0.011720369002969435
503536,23,13743426,13509083,0,848.6120000856638,0,0.0025236362078839775
502840,27,5224256,8642410,0,848.3689281889907,0,0.002965585110925934
505105,26,9667312,12631044,1,762.81410312296,0,0.15851981250370922
501117,59,12700085,13895459,0,821.4566669689989,0,0.05189696914727479
504855,44,15022828,9719138,0,849.4489314049895,0,0.0010019429000191976
504062,38,8716125,5754479,1,846.3655499844235,0,0.0066080909374118
504500,44,19139626,8753491,1,848.9676544402346,0,0.0018769919268462163
505517,43,18874218,8861696,0,849.0477243997404,0,0.0017314101822900377
505218,57,8048448,3226295,0,847.5244194863875,0,0.004501055479295341
502315,51,4461575,11919753,0,846.2779216516313,0,0.006767415178852197
504186,53,6664610,8160390,1,848.4519545135626,0,0.0028146281571590297
505189,45,6584657,6175556,0,848.1939265731004,0,0.0032837698670901364
502675,48,9917447,10140367,0,849.4442111071465,0,0.0010105252597335753
504327,25,16639859,10187923,0,847.8887978655666,0,0.00383854933533343
502054,29,6214355,9494090,0,849.4883321457969,0,0.0009303051894602357
504724,56,19245792,10358174,0,848.7913277258062,0,0.0021975859530796527
502376,41,3850770,10085143,2,845.5299252954368,0,0.008127408553751402
502539,48,18550963,3029550,2,838.6429122949231,0,0.02064925037286702
505725,29,6975016,2485388,1,847.045463563708,0,0.005371884429621718
504906,57,19646722,10245083,0,848.7237237067876,0,0.0023205023512952983
502772,56,16968889,1907203,0,849.689738632536,0,0.0005641115772073863
501282,45,19195645,9625638,0,849.3723977983504,0,0.0011410949120901621
503295,23,5173519,6938508,1,849.5480959529757,0,0.0008216437218624629
503588,54,13125245,10952699,0,849.2749508512263,0,0.001318271179588438
503623,22,18594012,1799921,0,849.4869111822933,0,0.0009328887594668675
506337,22,15889242,9364648,1,847.7168442292885,0,0.004151192310384433
501161,53,5319976,1000794,0,849.0654418675036,0,0.001699196604538751
505224,34,6641378,8484676,1,840.8910390788382,0,0.016561747129385056
505411,34,18862965,14448030,0,849.0855621502091,0,0.001662614272347124
506280,28,14605119,2083516,0,849.4589267253587,0,0.0009837695902570093
501476,37,18630052,12721818,1,848.8452460228148,0,0.002099552685791336
503902,56,11270143,12379998,0,848.8802004874863,0,0.002035999113661349
501179,58,9964348,13435940,0,841.3944377505063,1,0.015646476817261272
501952,46,13196560,2228349,1,848.8842066013915,0,0.002028715270197306
503899,27,16111311,9840852,0,848.7614381993058,0,0.0022519305467167978
504173,29,5341273,12514586,0,844.4095785556943,0,0.010164402626010219
505125,31,8236475,7007593,2,847.3326984212771,0,0.004849639234041653
504773,34,4064595,11195368,1,831.2198013483408,0,0.03414581573028963
502945,42,16040060,11852201,0,848.9753635033029,0,0.0018629754485401336
506783,58,9089779,3971164,0,849.3574405361176,0,0.0011682899343316592
503219,36,18485539,1977239,0,849.6820532383115,0,0.0005780850212517639
504088,53,10669951,10374614,1,849.2428456764162,0,0.0013766442246977769
506919,35,13477503,3475730,1,847.4066841556324,0,0.00471511971703202
502694,46,10115546,14988906,0,849.6977720560859,0,0.0005495053525711417
504179,50,19159963,13798317,1,846.4416796302114,0,0.00646967339961569
504063,56,15756225,8020831,0,848.1975877181492,0,0.00327711323972871
506345,35,16867086,8208730,0,848.4594286945461,0,0.002801038737188789
506282,49,16864227,4266536,0,849.7151962625908,0,0.0005178249771077651
501541,31,13355189,14451079,0,848.7475214484172,0,0.0022772337301505898
506926,59,17760817,6408831,0,849.1375339587067,0,0.001568120075078656
501802,57,13015340,9986593,0,849.6907663058264,0,0.000562243080315674
504404,27,8541406,12861134,0,841.8181772088645,0,0.01487604143842811
502989,59,5416984,10093323,0,848.7154471324999,0,0.0023355506681819486
501748,33,10289040,5357587,1,849.5429377546727,0,0.0008310222642315367
502586,54,15265311,13902203,0,849.5161613760611,0,0.0008797065889799844
506590,49,10429506,2429120,0,849.2137837844173,0,0.001429484028332204
506034,44,6999472,2471235,0,848.9279838175603,0,0.0019491203317085427
503345,22,19243942,7948881,1,844.3234266124346,0,0.010321042522846161
505898,21,16986855,3461115,0,849.3188372947345,0,0.0012384776459373197
502154,56,11630818,14646593,2,845.2226292513446,0,0.008686128633918962
501903,26,17929357,6013223,0,849.8597088526318,0,0.00025507481339667314
502025,42,9209408,8817915,0,849.3291758130315,0,0.001219680339942703
506771,33,8168059,8239739,0,848.9794608563036,0,0.0018555257158116873
503495,45,16513408,1256033,0,849.2716712479183,0,0.0013242340946937995
501862,41,15888612,1687800,0,849.4467686541241,0,0.0010058751743199674
504391,54,19887502,14463578,0,849.2948279015387,0,0.0012821310881114007
502511,44,8337899,11935919,0,846.6706130710083,0,0.006053430779984837
506803,47,9657968,4965512,0,848.6211908028363,0,0.0025069258130250146
501199,48,17547103,7860347,0,849.3917533520101,0,0.0011059029963451518
501543,49,4551104,11174926,0,843.6736942279969,0,0.011502374130914728
502609,48,4330150,14743777,0,838.4783372088488,0,0.02094847780209315
501390,56,15905824,6847284,0,849.754283914142,0,0.00044675651974183836
506048,45,15412389,4463692,1,849.6739035044014,0,0.0005929027192701564
506949,59,8964253,14011383,0,802.5693858441053,0,0.08623748028344483
501004,22,5640742,4520669,1,849.5460740817011,0,0.0008253198514524521
502086,59,4560740,14747419,0,805.3726129241413,0,0.08114070377428846
502647,42,15081686,4951369,0,849.7688994259765,0,0.00042018286186073015
501885,38,15141292,13603429,1,848.6043422118378,0,0.0025375596148403553
506125,22,16064340,9328796,0,848.3355935782456,0,0.003026193494098838
506988,29,10121080,5373639,0,847.3477685951624,0,0.004822238917886595
506502,40,7817651,8815235,0,849.0633759804473,0,0.0017029527628231271
506760,51,8365948,3840181,1,846.6171949455164,0,0.0061505546445156265
502553,25,12158888,10494236,1,849.6089116029217,0,0.0007110698128696858
502000,21,13516828,3959758,0,849.8290859080561,0,0.0003107528944435709
505754,32,6399465,14857580,0,847.4381233611019,0,0.004657957525269162
501666,42,4476368,11327425,0,847.3680139623506,0,0.004785429159362515
502078,57,9191929,4770888,0,849.6898738257134,0,0.0005638657714301072
506525,27,14091130,3621602,1,848.3173291081423,0,0.003059401621559397
501337,25,9920127,12701205,0,849.1496170345345,0,0.0015461508463009577
506639,39,6527934,1048794,0,849.4611107724518,0,0.0009797985955422193
501244,32,11927442,3211027,0,849.6191704519052,0,0.0006924173601723605
506745,45,4213821,3212166,0,849.1588629547792,0,0.001529340082219617
503745,23,9193810,5644864,1,849.5635367390884,0,0.000793569565293934
506172,44,9736428,12738151,0,848.5059390597702,0,0.0027164744367814873
505500,50,10248621,9615388,1,848.13828342171,0,0.0033849392332545377
502090,44,5843445,9352211,0,849.2795108829612,0,0.0013099802127979044
503216,21,11220546,9693367,0,848.6502858620486,0,0.0024540257053661746
503177,31,9805305,8374123,1,849.6947678454864,0,0.0005549675536612227
506773,54,11550703,14993222,1,848.2910375891322,0,0.003107204383396077
504804,24,6126357,9345064,1,848.6175501261382,0,0.002513545225203209
504099,59,13880979,12231822,0,839.1541941629223,0,0.019719646976504975
505875,57,9855537,1972228,0,849.3499159815947,0,0.001181970942555271
505909,27,16927609,5747565,1,849.1370756087828,0,0.0015689534385767332
502770,52,7165745,8797445,1,849.2735397598324,0,0.001320836800304764
503132,23,4654155,11302736,1,840.6806280058682,0,0.016944312716603075
506248,51,15150825,2347381,0,849.4604486537173,0,0.000981002447786637
504746,50,14969525,6658733,0,849.4840820180426,0,0.0009380326944679838
504091,21,17054044,4517236,0,849.7056624129635,0,0.0005351592491572838
501329,26,13061963,5648121,0,849.7481966199449,0,0.0004578243273729829
506720,55,4251909,9909139,0,848.6074901725933,0,0.0025318360498304145
502285,24,8141730,2333635,0,848.655454344481,0,0.0024446284645800896
501528,37,5893618,7192635,0,849.6731739480192,0,0.0005942291854195987
503935,34,16330223,3441825,0,849.6343052338849,0,0.0006648995747548153
502024,26,3977278,11364206,0,845.4696780612951,0,0.0082369489794634
501778,42,12769883,6146881,0,849.4173904813254,0,0.001059290033954002
501998,26,3534878,3001256,1,849.0988769133544,0,0.0016384056120828923
504403,41,11796345,8958188,1,848.3458441399557,0,0.0030075561091714637
506404,47,19065612,13728942,0,848.0159167982692,0,0.0036074240031467287
506491,58,16049996,14603289,0,824.0285031814059,1,0.04722090330653467
504086,47,14934654,9259332,0,849.4622462965169,0,0.0009777340063328009
506695,31,15896255,6779684,0,849.1610940322449,0,0.001525283577736503
504967,29,13556588,8149873,0,849.1469156795446,0,0.0015510624008280643
505238,27,16008314,14181841,1,844.3170170837145,0,0.010332696211428054
503766,48,14710982,8911312,0,849.4622462965169,0,0.0009777340063328009
506555,23,9846746,4752660,0,849.7247006114999,0,0.0005005443427273441
503945,35,7980904,11349062,0,848.972131137214,0,0.0018688524777926748
501514,37,11493608,3901282,0,849.2179219937619,0,0.0014219600113419026
502691,39,8493946,7540900,0,849.0192143841489,0,0.0017832465742747404
502341,26,16063362,12374190,0,847.4104174175852,0,0.004708331968026837
506549,49,13947287,6194382,0,849.4758742077709,0,0.0009529559858711533
501227,48,16661766,8813473,0,849.3723977983504,0,0.0011410949120901621
504630,51,5799191,6293507,0,848.740027101519,0,0.0022908598154201413
504709,36,4495030,3141736,0,848.4941888285562,0,0.0027378384935342953
504180,42,8197045,6221474,0,849.1001632735691,0,0.0016360667753287917
504383,47,9595319,1754968,2,848.3671701177324,0,0.0029687816041229368
503172,50,13057070,11692470,0,849.0571680456839,0,0.0017142399169384067
506552,35,14966505,8250391,0,848.771952705005,0,0.0022328132636273063
502973,43,16560662,12860530,0,849.5926203228908,0,0.0007406903220166925
502085,53,14774704,6366166,0,849.7744864394613,0,0.0004100246555249904
506725,36,14763558,8644541,0,848.7521180123172,0,0.0022688763412414634
505255,35,11045201,8462584,0,848.9030208957608,0,0.0019945074622530995
505737,40,8286849,9858696,0,849.2174290463872,0,0.0014228562792960172
505044,39,14068727,7668631,0,849.4489314049895,0,0.0010019429000191976
504543,52,15613808,12326973,0,848.9655888499419,0,0.0018807475455601156
505290,35,11457860,14886580,0,835.971503857131,0,0.025506356623398282
505205,40,10586709,8856192,0,848.8049182488322,0,0.0021728759112140143
502851,53,13519357,13905434,1,849.4207854036957,0,0.0010531174478259752
502169,59,5360832,5281670,0,849.2962206224854,0,0.0012795988682083898
502617,57,11242413,1923502,0,849.636901948387,0,0.000660178275660051
505272,43,9675725,4762864,1,849.6577740326017,0,0.0006222290316333484
506504,25,7727504,13068372,0,844.6964185690118,0,0.00964287532906945
503564,26,18086072,4919490,0,849.3326992524534,0,0.0012132740864483043
502685,39,3263612,2340431,0,849.4007379237553,0,0.0010895674113539794
504787,46,14431337,7257708,0,849.5264811319317,0,0.0008609433964878302
504301,56,12453738,1832123,0,848.5694112019029,0,0.0026010705419947503
503157,51,6374786,2520741,0,849.6540369063645,0,0.000629023806610145
503206,32,8420206,6164292,0,849.7632770450119,0,0.00043040537270561016
503419,57,17062029,2917982,1,848.0395707923957,0,0.003564416741098804
501243,29,19394738,2676695,0,849.622971120111,0,0.0006855070543437226
506306,58,16597666,3090847,0,797.2675982370736,0,0.09587709411441156
506620,54,11995003,4400572,1,848.5503396432479,0,0.002635746103185661
506559,33,18097282,13815549,0,845.7912606170747,0,0.007652253423500538
503774,49,16348265,6144447,0,849.7132584584775,0,0.0005213482573136264
504124,59,19986217,14639231,0,814.8339698637016,0,0.06393823661145175
504866,32,16929049,10568059,0,848.4176450099266,0,0.0028770090728607043
503996,44,19968298,4921501,0,849.2222515373114,0,0.00141408811397917
502832,54,19207052,3386751,0,849.7449722138944,0,0.00046368688382837604
502327,33,6978530,4346885,0,848.6705510714614,0,0.0024171798700700717
504276,30,17504724,5668136,0,849.4582919111073,0,0.0009849237979867476
504205,43,19351332,13650744,0,848.1945356816908,0,0.003282662396925787
503055,36,9324780,3238932,0,849.805996477266,0,0.0003527336776980967
503687,52,4763067,8163656,1,848.0155417038227,0,0.0036081059930496108
504840,59,10041842,8558923,0,848.7151211253166,0,0.002336143408515304
501774,55,3299354,10102630,0,849.7306392483656,0,0.0004897468211534455
506202,38,19578497,2262451,0,849.3456660779905,0,0.0011896980400172934
502867,44,4002420,13412626,0,847.0728051217778,0,0.005322172505858493
503041,32,18962455,14554206,0,848.7249644521625,0,0.00231824645061365
504569,32,8198832,9776925,0,847.9869174028775,0,0.0036601501765863814
503964,46,13038155,1135252,0,848.9464710878981,0,0.0019155071129126654
502865,58,8905258,12929482,0,848.0630687266876,0,0.0035216932242043684
503174,25,11432596,3223029,1,849.7776575537871,0,0.00040425899311443916
503992,53,15279234,6721895,0,849.5264811319317,0,0.0008609433964878302
504810,31,15721564,5009306,0,849.7367957869316,0,0.0004785531146698581
506562,32,15775526,1178365,0,849.6298382524549,0,0.0006730213591729071
505864,50,17729398,1555339,0,849.4800926408524,0,0.000945286107541141
506211,47,15308148,13452470,1,849.1309014490041,0,0.001580179183628884
503862,28,4136666,1812851,0,849.3334606096789,0,0.0012118898005838285
504328,53,15400733,12522827,0,848.6715897764157,0,0.0024152913156078428
504104,55,18624246,1524582,0,849.3625861963692,0,0.001158934188419715
505035,50,8007854,13683461,0,843.0968666253177,0,0.01255115159033142
504760,53,18147613,8950392,1,849.0881877241859,0,0.001657840501480198
505942,57,6944611,5715630,0,849.6431317979165,0,0.0006488512765155807
506029,36,13206770,2888072,0,849.6907738015117,0,0.0005622294517970086
503900,48,4264074,14558770,1,821.3525435293155,0,0.05208628449215349
504531,30,16646171,9341272,0,848.2227374566049,0,0.0032313864425364343
501147,51,19201505,10792687,0,849.562677863867,0,0.0007951311566055909
502317,25,3596245,12463985,0,807.5282909273362,0,0.07722128922302503
503795,38,11651191,14328707,1,848.8057011585901,0,0.002171452438927242
506607,23,7578215,3371692,0,847.2180230091775,0,0.005058139983313758
506486,33,18086179,12997387,1,849.1388195031557,0,0.0015657827215351
504774,58,3959119,1825852,0,848.8354818029468,0,0.0021173058128240788
506002,54,18320604,12142801,0,848.2765514291212,0,0.003133542856143222
504119,51,3794933,5854162,0,849.561854217901,0,0.0007966286947255713
505860,44,5247157,1675204,0,849.424903511423,0,0.0010456299792308153
504013,51,14319895,3362278,0,849.6803511098691,0,0.000581179800238081
505890,31,18867772,10032256,0,849.11936861002,0,0.001601147981781741
501989,40,10014029,9038303,0,849.4772526146652,0,0.0009504497915179051
506177,41,11509922,7764355,1,849.1391102816777,0,0.0015652540333131778
505197,54,8789174,9738107,0,848.8587632718762,0,0.0020749758693159688
505948,56,14669915,9779110,1,848.1027726959915,0,0.003449504189106501
501823,58,18019968,3064645,1,847.9648156910044,0,0.003700335107264639
504007,54,3815477,4027386,0,848.6719633930137,0,0.002414612012702348
503926,49,8479944,7391425,1,840.4464609161827,0,0.01737007106148608
502374,30,13490617,1819502,1,848.899429275048,0,0.0020010376817309757
502934,28,7015151,4115556,0,849.3298088317355,0,0.001218529396844476
505203,26,5789820,7464744,1,843.5195231005233,0,0.01178268527177568
501237,44,4263077,6210886,0,849.7751002610697,0,0.00040890861623682495
505666,21,16021113,2107496,0,849.6907738015117,0,0.0005622294517970086
501457,50,17999003,6210078,0,849.8503925084127,0,0.0002720136210677267
504402,27,6472471,12109728,0,845.4502618639079,0,0.00827225115653097
502807,44,15793350,13203059,0,848.700387962742,0,0.002362930976832707
505854,32,12086479,2111916,0,848.9376297130423,0,0.0019315823399232025
502660,23,16336642,3224293,0,849.8091855311778,0,0.00034693539785853115
505136,38,3642615,5148964,0,849.2278848682147,0,0.0014038456941552124
506004,42,12038453,14634308,1,842.2041894523361,0,0.014174200995752539
502395,44,13261897,6792555,1,849.5909754519022,0,0.0007436809965414537
506070,30,10607236,1356569,0,849.4278694776939,0,0.0010402373132838696
502291,43,9414471,3829993,0,849.5927522215209,0,0.0007404505063257938
506991,50,4053205,1931867,0,842.0642783025864,0,0.014428584904388371
505523,31,9070826,4254072,1,848.2308657722784,0,0.0032166076867664647
506173,57,6183572,8794386,0,848.0245432794536,0,0.003591739491902576
503642,22,16031317,14663992,0,849.061932634715,0,0.0017055770277908404
501490,51,8269730,1504127,0,849.6921703045099,0,0.0005596903554365223
505774,45,7480692,11991788,1,839.7069748518452,0,0.018714591178463275
506934,36,19293652,1707268,0,849.2986676275177,0,0.0012751497681497126
504424,49,17217131,14431199,1,849.0765512109712,0,0.0016789977982342363
503070,59,18735291,12850452,0,846.3379479353291,0,0.006658276481219805
505482,47,14094858,7968346,0,849.5105595403958,0,0.0008898917447348817
506399,49,8443941,8033365,0,846.7980430986518,0,0.005821739820633205
501793,26,18574113,6117691,1,849.1062815034187,0,0.001624942721056874
506428,44,5278240,4854645,1,848.796922081788,0,0.0021874143967491265
503074,21,16253599,3813400,0,849.2435703240726,0,0.001375326683504339
505540,55,17400043,10910948,0,848.2454050802382,0,0.003190172581385006
504295,55,10289335,6989465,0,849.7333369871777,0,0.0004848418414949769
506645,37,12690876,3719335,1,842.6396275310218,0,0.0133824953981422
506300,50,17919900,14577944,1,849.3865733460602,0,0.0011153211889815239
501003,45,6861811,8661056,0,848.8461388037299,0,0.0020979294477638613
504481,38,17315535,9546776,0,849.3848172750835,0,0.001118514045302832
504492,36,8360335,13644368,0,844.7799268077729,0,0.009491042167685596
505344,53,3287236,8893209,0,845.499181632726,0,0.008183306122316226
504378,40,3231973,1312794,0,846.1283648146087,0,0.007039336700711429
506681,29,3475931,6722834,1,842.3971719046531,0,0.013823323809721644
506551,29,10657470,12985449,0,847.1129370654924,0,0.005249205335468355
503836,50,3981221,6598922,0,849.5806938066237,0,0.0007623748970478939
505233,52,7236183,5093493,0,849.5127004992165,0,0.000885999092333535
501975,50,19377188,6683377,1,848.4503336430575,0,0.0028175751944408277
506594,37,17876549,7614700,0,849.380249290475,0,0.0011268194718635116
506454,55,17948796,11382649,0,849.3313379129252,0,0.001215749249226972
501381,48,8294840,3190534,0,849.4188356146936,0,0.0010566625187388632
503214,49,18479797,1507620,0,849.6619486834526,0,0.0006146387573590263
504987,24,8044428,3222095,1,849.1292499299692,0,0.0015831819455104895
501495,46,10732563,14073948,0,847.4928480729911,0,0.004558458049106979
504377,43,4506811,4788165,0,848.8921917508691,0,0.00201419681660162
504487,32,3434213,4029086,0,848.2395985563605,0,0.0032007298975262398
503812,22,6103965,1577264,0,849.5782111451952,0,0.0007668888269180523
505775,34,3815170,3028682,1,848.8006596272951,0,0.0021806188594634098
504613,26,17432856,8002972,0,848.7879225518708,0,0.002203777178416717
506865,40,5552209,12408527,1,785.3734889219438,0,0.11750274741464749
504362,25,11982627,9959315,0,849.0190778709125,0,0.0017834947801590771
502506,53,5236453,3328981,0,849.053396714555,0,0.001721096882627235
501144,25,8804472,7877884,0,849.2636847930555,0,0.0013387549217172032
502616,24,13171204,5872724,0,849.7738499621363,0,0.00041118188702485953
504817,43,16588454,2846471,0,849.2924086885004,0,0.0012865296572721753
504483,31,12155697,14037552,0,846.2956614048286,0,0.0067351610821297595
502699,29,13041687,6832456,0,849.5508326468355,0,0.0008166679148445397
506294,31,9084011,3298833,1,848.1019624193334,0,0.0034509774193936618
502680,47,3155090,7722854,0,849.7306392483656,0,0.0004897468211534455
503062,37,7787801,14223026,0,846.6317092525481,0,0.006124164995367086
506272,37,9090592,6862570,1,849.71003793135,0,0.0005272037611817273
501303,45,4850500,8232943,0,848.5114318487394,0,0.00270648754774634
505116,26,4900210,12126704,0,843.3530178621364,0,0.012085422068842755
503868,40,5001326,13617380,0,823.9738961316235,0,0.04732018885159365
501094,42,5727904,4747516,0,849.7025621203596,0,0.0005407961448006634
501386,24,19413066,13636117,0,848.5941552941898,0,0.00255608128329137
503803,47,18250240,13485947,1,847.2761111931006,0,0.004952525103453481
503144,47,6868112,13105975,0,843.8377729782346,0,0.011204049130482547
506598,55,6855757,8210106,0,849.0442516972375,0,0.0017377241868409019
503791,49,4259533,5120060,0,849.6162961102099,0,0.0006976434359820357
504420,52,19343368,7580350,2,847.0990342465293,0,0.0052744831881284945
504883,34,6129606,11288531,0,842.6478436626263,0,0.013367556977043015
506875,24,12738684,9205320,1,843.5323661613337,0,0.011759334252120664
502129,42,3783370,11549632,1,847.7581914803436,0,0.004076015490284268
505809,29,10683247,2541266,0,849.7406632345504,0,0.00047152139172645957
505930,26,15251590,4545662,0,849.7378049209984,0,0.00047671832545752014
505862,47,10541995,8219711,0,849.1835236148161,0,0.00148450251851631
506882,21,8751040,3610982,1,846.3225760517055,0,0.006686225360535488
502540,28,13024201,2012749,0,849.7152055979047,0,0.0005178080038095649
505253,35,14350050,1239202,1,848.8504073644115,0,0.0020901684283427557
504143,43,15595160,11346451,0,848.349218255643,0,0.0030014213533763553
505474,27,3615655,5074571,0,848.7047336592825,0,0.002355029710395483
506322,25,17378872,14260611,1,847.3459561777318,0,0.004825534222305949
503369,40,7665469,5851339,0,848.112448691756,0,0.0034319114695345767
504682,34,18290272,14529131,0,847.8067526709768,0,0.00398772241640575
505225,23,5877810,14887806,0,846.5743480827447,0,0.006228458031373364
505504,54,5919601,10462979,0,848.9991955948049,0,0.001819644373082069
502747,58,13091429,7435520,0,848.8176851654376,0,0.0021496633355679827
501968,58,9146171,12242784,0,846.6439943367427,0,0.006101828478649674
505690,55,17148979,2907834,0,849.3437541486165,0,0.0011931742752425635
502593,53,16672111,5928241,1,849.8598651692283,0,0.0002547906014030127
501204,37,4955517,8276532,0,848.4032220805758,0,0.0029032325807712193
505645,42,13036755,13722978,0,849.4149359467126,0,0.0010637528241589631
503478,36,14202743,11822352,0,845.9630923360386,0,0.007339832116293421
501599,56,4253723,10253042,0,848.894487725965,0,0.002010022316427437
506912,43,5719706,13577690,0,785.7686500225557,0,0.11678427268626236
505410,41,9965603,9202514,0,848.9264836868387,0,0.0019518478421115476
504566,23,7013548,4865076,0,849.0907771063399,0,0.0016531325339273323
504370,51,16553560,9537221,1,849.3340522501112,0,0.0012108140907069167
505971,37,16734793,12754691,0,848.1611594285725,0,0.0033433464935045667
502004,39,14526677,13489315,0,848.8462542911257,0,0.002097719470680744
503533,54,9668262,6560087,0,849.4017519034953,0,0.0010877238118266748
501339,22,4883720,13030466,0,846.5413949268835,0,0.0062883728602117625
501155,32,19108120,14456833,0,849.0949601155978,0,0.001645527062549491
506305,40,12377422,9331022,0,847.9580467927431,0,0.003712642195012636
501706,28,16571783,5009765,0,849.7188827167905,0,0.0005111223331082745
505371,47,10632645,13582690,0,846.2371685887643,0,0.0068415116567921985
505790,47,12421700,11573014,1,845.933312034222,0,0.007393978119596331
503152,35,12456567,6680154,0,849.6891705108972,0,0.0005651445256414457
506944,23,5689955,14427552,0,807.9112876226404,0,0.07652493159519913
504092,39,16879099,9086704,0,849.2731157179206,0,0.0013216077855987055
501832,32,5652765,4947851,0,849.331188022163,0,0.0012160217778855278
506838,57,4085279,13269719,1,817.4713481471894,0,0.05914300336874654
506369,43,5534428,1895673,0,848.4515995639265,0,0.002815273520133507
502920,48,14539741,11845837,0,849.2377284188966,0,0.0013859483292788125
503472,47,4826254,2752719,0,832.9950409860921,0,0.030918107298014325
504334,51,3668266,2295729,0,849.5742537577715,0,0.0007740840767790081
503407,22,10241223,7049561,0,849.4366554194772,0,0.0010242628736777549
502908,29,14830725,12787486,0,849.4263463438301,0,0.0010430066475814925
504454,28,19436736,1946852,0,849.5462039358719,0,0.000825083752960288
505289,31,16012592,12917790,0,849.2737696371672,0,0.0013204188415142815
502637,33,3270992,4137478,1,849.5970504512185,0,0.0007326355432391033
504841,56,6782525,6440110,0,849.0817888687176,0,0.0016694747841499188
505542,38,18304095,8490778,0,848.7879225518708,0,0.002203777178416717
505966,23,5251634,8814125,0,847.5063652277697,0,0.0045338814040550846
505958,44,17774879,8756509,0,848.8545761443781,0,0.0020825888284034034
505986,50,4163690,13017274,0,846.9914594026336,0,0.005470073813393443
506567,59,9897617,10307390,0,848.9411949549379,0,0.0019251000819310129
502829,49,4893910,6268808,0,849.5777205495189,0,0.000767780819056621
506634,31,7365237,2628562,0,848.7170850850644,0,0.0023325725726102546
506484,27,18382369,13118105,0,847.4196939973749,0,0.004691465459318374
505062,28,3112262,11125987,0,848.0566750581646,0,0.00353331807606425
501607,52,17185091,11611389,0,849.4974225667619,0,0.0009137771513419808
502214,23,18665731,11310933,0,848.0490662243438,0,0.0035471523193747597
504306,40,18982014,6281622,0,849.2222515373114,0,0.00141408811397917
506466,21,12452032,14248939,2,844.3882355918865,0,0.010203208014751872
503879,57,19464167,2536111,0,849.2180827662661,0,0.0014216676976980492
501347,45,13297002,4435422,0,849.8657715196641,0,0.00024405178242884514
505537,51,16931034,3255398,0,849.6752145503775,0,0.0005905189993135807
503661,43,10746246,10014802,1,843.0453131067877,0,0.012644885260385985
503758,36,4798551,13179591,0,826.2399373317689,0,0.04320011394223816
503844,25,8243707,3929114,0,848.7767118824177,0,0.002224160213785979
505193,54,9304500,12117066,0,848.92233235659,0,0.0019593957152909147
502982,38,16051450,7113024,1,848.600895406437,0,0.0025438265337509943
503581,54,8626622,6984006,0,848.145823540343,0,0.003371229926649105
506366,28,8648741,5727522,1,848.9287986736781,0,0.0019476387751307363
502399,49,16828259,5841023,1,849.6483826407759,0,0.0006393042894981703
504674,41,18020190,9161228,0,849.3848172750835,0,0.001118514045302832
504637,54,7731118,6639256,0,849.1218916154726,0,0.001596560699140704
502734,46,9066684,12039880,0,849.5475535890156,0,0.0008226298381534862
506736,50,16382699,2290542,0,848.3826797651549,0,0.002940582245172897
502323,37,14103297,8562928,0,849.4238855277212,0,0.0010474808586888632
503000,34,11847833,12014879,0,849.6111792932805,0,0.0007069467394899886
503457,37,14066360,10295305,0,846.3107415431089,0,0.006707742648892956
502321,26,19109334,4733773,1,848.7078353580655,0,0.0023493902580627095
501813,50,8971820,8354029,0,849.2104925668681,0,0.0014354680602399112
504680,54,15309135,10929821,0,849.3587092408146,0,0.001165983198518792
506811,21,14935418,14144259,0,843.8204579716092,0,0.011235530960710356
506279,45,15487355,14812534,0,849.2852107562256,0,0.0012996168068624145
501054,33,10554875,7300349,0,849.7260958517016,0,0.000498007542360735
506447,41,10605805,12443385,0,845.2246484928627,0,0.008682457285704269
501287,57,12036207,10887443,0,848.8238167163466,0,0.0021385150611879255
501740,44,3300884,12516038,0,845.0467812699205,0,0.009005852236508065
504861,29,16334840,12392792,1,848.2269149864622,0,0.003223790933705116
501192,39,10936357,13982469,0,840.8758182042395,0,0.01658942144683717
506599,46,11586871,13215259,0,846.6013904320429,0,0.006179290123558316
505071,53,9837413,4217770,0,849.3176616230895,0,0.0012406152307463158
501782,29,15407445,9348065,0,848.8605402187457,0,0.002071745056826191
501984,49,14428333,13331928,0,849.5926203228908,0,0.0007406903220166925
502309,42,14500193,6093938,0,849.7481966199449,0,0.0004578243273729829
505235,31,17562820,1276718,0,849.3468066338628,0,0.0011876243020676046
506526,43,8216413,2062757,1,846.8187058733232,0,0.005784171139412441
505583,46,3595481,7184869,0,848.2935659952375,0,0.003102607281386459
501720,37,8062067,2362728,0,849.4603446608343,0,0.0009811915257558334
502305,48,5117031,9900955,0,849.3936795458709,0,0.001102400825689288
504819,55,15800228,3001584,0,849.0133663823852,0,0.001793879304754004
504289,30,14829091,7598648,1,847.6782096869831,0,0.0042214369327580594
505308,45,4418945,11701863,0,847.1290313719988,0,0.005219942960002028
502407,52,14991768,6472364,1,848.8586411956647,0,0.0020751978260640214
503671,32,18253524,12680181,0,847.923565761665,0,0.0037753349787908
505249,45,19646421,13070286,0,847.6316887338577,0,0.004306020483895124
503943,51,17571967,3926564,0,849.3792574429015,0,0.0011286228310882279
503571,37,13055665,1209902,1,849.4573121812018,0,0.0009867051250876206
503449,40,4889431,2979524,0,842.6669556016692,0,0.01333280799696501
504673,23,13619107,13045312,0,848.9961103399827,0,0.0018252539273042206
503254,58,14909492,14964237,0,848.30498462091,0,0.003081846143800186
501610,58,15539289,5520123,0,849.8259015076611,0,0.0003165427133433374
506868,38,5273203,13006118,0,833.1762607220961,0,0.030588616868916223
504256,56,18731918,4343023,0,848.8394582183744,0,0.002110075966592052
506245,21,15738188,8421651,0,849.211107981939,0,0.0014343491237471854
503096,27,15940148,8147783,0,849.7124136486289,0,0.0005228842752203142
504957,47,4849234,12112008,0,847.1800592489567,0,0.005127165001896882
506450,29,9228587,10968788,0,849.2642076083944,0,0.0013378043483739759
503008,47,9329165,8540331,0,849.6880808719358,0,0.0005671256873896253
501479,37,18285700,9038636,0,849.5602995330103,0,0.0007994553945267962
501493,49,3790937,11858194,0,845.995616956631,1,0.007280696442489026
501928,43,6945082,12192939,0,840.2758085908159,0,0.017680348016698422
506894,46,5817685,7719919,0,849.1221498060792,0,0.0015960912616741173
502944,32,17658107,2396375,0,849.2982052588623,0,0.0012759904384322261
504036,51,6560914,13108436,0,841.0017339441265,0,0.016360483737951893
503076,32,13980099,5076635,0,849.7688994259765,0,0.00042018286186073015
503563,21,16237568,4158322,1,842.9249603162833,0,0.012863708515848612
501653,40,18451866,5173084,1,849.6245958632213,0,0.0006825529759611616
503709,54,8160820,10978687,0,847.0723888360244,0,0.005322929389046567
502159,42,15555569,1947066,0,849.6896954239653,0,0.0005641901382448215
501931,37,12891837,4302202,2,849.4929262453774,0,0.0009219522811320641
502456,36,17078809,2358674,1,848.2774378990832,0,0.00313193109257593
501414,58,4569973,6392997,1,849.6872545371136,0,0.0005686281143387444
504155,21,18942129,9821792,0,849.0477243997404,0,0.0017314101822900377
501584,26,6556811,12058332,0,848.3645140330467,0,0.002973610849005936
501955,33,13675448,6879774,0,849.4595054947263,0,0.0009827172823159587
502819,26,5125907,2185551,0,849.6344865865667,0,0.000664569842606044
503084,26,10433580,3363763,1,847.0585398954187,0,0.005348109281057012
504253,38,5989144,2547132,0,848.4007372477532,0,0.002907750458630433
503582,57,4573241,8849767,0,835.3476458106544,0,0.026640643980628213
504312,27,5233998,12782074,0,822.6090420406242,0,0.049801741744319505
502527,34,4288870,3760144,0,849.2868232500754,0,0.0012966849998628847
503455,33,8025900,8889739,0,847.908726969531,0,0.0038023146008526894
502353,57,17680263,3821108,1,849.7955466029381,0,0.00037173344920349863
501566,50,16413559,7025919,1,849.1136123897613,0,0.001611613836797603
501863,25,15802347,7546331,0,849.4825480873376,0,0.0009408216593862948
505713,32,18822711,14253411,0,848.4885608342596,0,0.002748071210437053
503508,41,9116443,4693114,0,848.4469870550766,0,0.002823659899860568
502193,39,17711509,2153374,0,849.4094519972941,0,0.0010737236412832784
501937,53,9575880,7049395,0,849.8608128329296,0,0.00025306757649161914
502265,33,19680999,13389768,1,848.5525995182774,0,0.0026316372394956356
502697,47,4103928,10461372,0,844.2785123379364,0,0.010402704840115604
501644,31,9516689,11630762,0,848.8444652421342,0,0.002100972287028635
503651,49,11375989,10607032,0,350.02793131579847,0,0.9090401248803665
503929,54,4050670,5435504,0,848.0468858826534,0,0.0035511165769936764
505025,33,10318862,9191737,0,849.4938252824383,0,0.0009203176682941414
501993,40,11195442,2042065,0,849.6240212873704,0,0.000683597659326448
505607,24,5155495,8496392,1,841.6196410165305,0,0.01523701633358093
502380,33,6032885,7130723,0,849.7923383271664,0,0.0003775666778792479
502320,21,3739416,8314918,0,848.1642514590733,0,0.003337724619866861
504349,55,13151385,13984944,0,847.5030021001397,0,0.004539996181564208
504797,37,15849649,8505338,0,848.5822973844272,0,0.0025776411192232943
501119,49,4540782,3808842,0,849.3286505619383,0,0.0012206353419304586
506676,52,10466163,9943371,1,849.0279136684899,0,0.0017674296936548762
504475,48,15251052,1869546,0,849.4165236972814,0,0.0010608660049430774
504105,30,17322048,2696128,0,849.4238448567785,0,0.0010475548058574038
504101,53,10904995,1990451,0,849.6992916286391,0,0.0005467424933834213
502805,50,11017780,8925777,0,849.7422383154936,0,0.00046865760819339976
505336,55,6325204,8916399,0,847.7927372207886,0,0.004013205053111621
505904,52,14535063,10959633,0,848.6289955965177,0,0.002492735279058674
505580,40,6996478,2451414,1,849.1217853867984,0,0.0015967538421847087
506348,28,8604223,5040124,1,846.3494062721351,0,0.006637443141572663
506642,28,10577702,12826128,0,847.1129370654924,0,0.005249205335468355
503513,59,4658617,1252464,0,847.7163628622025,0,0.004152067523268274
506658,38,8210247,4278108,0,849.4606585602595,0,0.0009806207995282467
505901,32,9605302,13931702,0,849.1590460640966,0,0.001529007156187827
503236,38,6380012,12161695,0,834.0222751781774,0,0.029050408766950142
503502,28,4407228,2304824,1,842.2711819086328,0,0.014052396529758652
504893,31,15159908,3871551,0,849.3401522732795,0,0.0011997231394918586
503351,48,16821206,7004888,0,848.9136667005899,0,0.001975151453472958
503384,33,19736488,9496525,0,848.1049219755165,0,0.003445596408151787
506161,42,10556273,12143884,0,848.9042608986317,0,0.0019922529115788084
503014,44,6369478,5896225,0,849.7151958926157,0,0.0005178256497895077
505464,35,14996234,7696958,0,848.4076121005804,0,0.002895250726217441
503861,54,11076803,1308006,0,849.2896641140186,0,0.001291519792693498
503356,54,13958199,12848845,1,848.2875206762005,0,0.003113598770544404
503549,59,13281902,9646340,0,849.330075237632,0,0.0012180450224874128
505696,24,14273000,4956025,0,849.778497368209,0,0.00040273205780182685
503304,26,17212396,6807879,0,849.6932348685614,0,0.0005577547844338001
504486,47,14567595,10329400,0,849.364587622295,0,0.0011552952321910181
502692,29,13010785,5520937,0,849.4895756378311,0,0.0009280442948526407
505617,21,9294625,13838798,0,845.7808635379268,0,0.007671157203769354
503181,26,16431838,1193083,1,848.2774378990832,0,0.00313193109257593
505674,48,9212174,11492454,0,848.2564508564808,0,0.0031700893518529995
506664,25,12719429,10447421,0,847.994268609655,0,0.003646784346081686
501387,56,14733348,13659143,0,848.2103311671686,0,0.003253943332420537
502643,57,11520258,9780744,0,849.3905725331598,0,0.0011080499397093497
506661,37,8880127,2469632,0,849.1547505913454,0,0.0015368171066447206
504738,57,3147424,1924028,0,847.6172276825405,0,0.004332313304471925
501005,22,7783669,13057356,1,845.1157478314346,0,0.008880458488300685
503978,43,7958325,2812384,0,848.7733590468582,0,0.0022302562784396436
504886,58,4970864,8615709,0,846.9892930424171,0,0.00547401265015072
505534,30,18261329,3729468,2,848.6180730756564,0,0.0025125944078973903
501055,33,15253623,1016320,1,849.5374028062014,0,0.0008410858069065811
505359,45,7386977,7105425,0,849.4994388705107,0,0.0009101111445259187
501670,57,10076367,7393268,0,849.5156617568941,0,0.0008806149874652252
503703,53,16963749,2955508,0,848.1703096783381,0,0.0033267096757488438
505518,52,5995184,12618557,0,833.4347590084128,0,0.030118619984703852
505051,23,16166964,10688383,0,848.5958858786165,0,0.0025529347661516796
501860,58,6918340,13679813,0,841.6071620990666,0,0.015259705274424365
506110,27,6156046,2775496,0,849.6200069018342,0,0.0006908965421195347
505685,54,16063737,4075426,0,849.7448943975903,0,0.000463828368017565
506592,47,6629157,4918203,0,849.5336473793715,1,0.0008479138556882404
504300,25,18468169,7635745,0,848.7614381993058,0,0.0022519305467167978
505170,54,18357791,1444092,1,849.504011874248,0,0.0009017965922763824
502338,30,6842056,6849797,0,849.4802984350939,0,0.0009449119361929503
504509,27,10811931,10839510,1,842.3653164798693,0,0.013881242763873945
502931,30,3300035,10946291,0,845.8881627330063,0,0.0074760677581703775
501517,26,13509859,11018645,0,849.2110062458898,0,0.001434534098382028
505803,45,14186978,6481022,0,849.522925500701,0,0.0008674081805437043
505544,50,14628333,14712632,1,848.7837401466677,0,0.0022113815515132237
501202,35,3939491,8384384,0,848.0718302749916,0,0.0035057631363789167
503204,32,8044647,2177016,0,849.4717132221573,0,0.0009605214142593708
502263,56,18155676,3793236,1,849.5587906352431,0,0.0008021988450126017
505834,54,5272897,14806167,0,846.5723091731203,0,0.006232165139781291
501364,42,16745018,2748578,1,849.5473082790755,0,0.0008230758562263204
506242,32,6106969,1590344,0,849.6450223549823,0,0.0006454139000321099
501621,56,12545557,14443943,0,845.8761502152021,0,0.0074979086996324745
506970,57,3012483,4008505,0,846.7098893165262,0,0.005982019424497865
505181,26,19511915,4055105,0,849.1974779918504,0,0.0014591309239083247
506326,37,16240234,1279783,2,847.8688870264575,0,0.003874750860986274
503785,22,10136429,12450095,0,846.5541985048445,0,0.006265093627555457
503004,56,3934731,3700992,0,838.5725437834052,0,0.02077719312108142
506683,45,18036224,14765164,0,847.827369784945,0,0.003950236754645427
505388,22,7022256,2958908,0,847.5303965132837,0,0.004490188157665984
501578,32,17019076,1036273,0,849.6820532383115,0,0.0005780850212517639
505475,46,10649387,3433276,1,848.4933322872255,0,0.0027393958414083006
505329,59,11283656,13724427,0,831.55055192665,0,0.033544451042454564
502091,43,13167859,6244131,0,849.754892036461,0,0.00044565084279822077
505462,44,8855620,9503636,0,849.4043764422988,0,0.0010829519230930176
503069,55,4614729,10041338,0,848.795623633574,0,0.0021897752116835675
504137,39,18405046,6774503,0,849.6317392155502,0,0.0006695650626359911
505073,52,13227115,7238455,0,849.5264811319317,0,0.0008609433964878302
505632,58,7049683,12195699,0,845.1674050222873,0,0.008786536323114044
503773,40,15940889,10147796,0,848.8903894612481,0,0.002017473706821612
502866,29,4473959,10749573,0,847.8245810404886,0,0.003955307199111566
506343,26,9312995,8372620,0,848.7080215417418,0,0.0023490517422876615
503652,50,13599968,2116153,0,849.0533636084323,0,0.0017211570755777607
506407,42,12868942,10903716,1,848.9142134896198,0,0.001974157291600332
502127,38,7303595,6752137,0,849.4802984350939,0,0.0009449119361929503
503383,39,19879569,12284039,0,847.2790857622681,0,0.004947116795876135
503908,46,9935078,14962692,0,847.563216031035,0,0.0044305163072088875
505623,39,4471081,3768162,0,849.0592408997917,0,0.001710471091287719
503079,28,8633421,14912141,0,847.2740150944841,0,0.004956336191847207
502226,31,8878069,4413681,0,849.5796890408186,0,0.00076420174396603
502131,50,18440089,2195108,0,849.7689221485595,0,0.0004201415480736511
503647,28,5190928,7323155,0,849.1763318045636,0,0.0014975785371570995
501724,48,10166878,10346937,0,848.952676401651,0,0.001904224724270784
501421,56,17623056,9386158,0,849.3917533520101,0,0.0011059029963451518
504534,51,7759524,7393002,0,816.1930523552447,0,0.06146717753591866
504174,22,8005978,12744123,0,847.5665780915216,0,0.004424403469960597
503392,35,6607082,4592407,0,848.9300635968933,0,0.001945338914739404
503954,57,17926060,6028126,0,848.8321460186663,0,0.0021233708751521247
506936,33,14886562,14779555,0,844.4827075168927,0,0.010031440878376935
501716,26,14881029,10385390,0,849.4712269422472,0,0.000961405559550524
504620,55,12773040,3537942,0,849.6803511098691,0,0.000581179800238081
506382,52,4407620,5247980,0,848.9718602873621,0,0.0018693449320688789
504409,29,8337939,9887599,0,847.9869174028775,0,0.0036601501765863814
503702,37,3001580,8308228,0,841.593780024339,0,0.015284036319383552
505728,27,14772694,13121537,0,849.5056776530031,0,0.0008987679036307848
503950,51,6796708,14530392,1,841.277379067192,0,0.01585931078692358
504432,48,6603041,12541393,0,844.8207827363407,0,0.009416758661198702
505593,53,6460854,7533843,2,833.6923763245472,0,0.02965022486445958
505595,42,19568513,13391106,0,847.9542553596192,0,0.003719535709783263
505859,23,15451318,11601640,0,849.4871975076744,0,0.0009323681678648068
503529,31,5290412,6826000,1,845.4590060780505,0,0.008256352585362801
504456,33,10145945,1104836,0,849.6918427362489,0,0.0005602859340929096
501138,31,10922545,5980706,0,849.8574234919645,0,0.0002592300146100194
503231,51,10894380,10641366,1,849.6238024065608,0,0.0006839956244348731
503590,47,12389501,14130372,0,842.533712825575,0,0.013575067589863698
504632,25,5811231,5388308,0,849.3559600315817,0,0.001170981760760586
502984,53,10827370,14069545,0,847.9981268404983,0,0.0036397693809121397
502300,51,17864067,7762633,0,848.8810814967336,0,0.002034397278666162
501116,52,16063319,5733455,0,849.5137280083551,0,0.0008841308938999618
502922,34,15547384,5841193,0,849.5705105437823,0,0.0007808899203958675
505946,59,3941997,10588739,2,840.6891918144308,0,0.016928742155580337
505086,56,13350313,3154881,1,848.7793315767441,0,0.002219397133192665
505162,41,6241857,14948084,0,840.2913981300735,0,0.017652003399866313
505471,33,7827054,7217151,0,849.6221759839838,0,0.0006869527563931418
505013,44,13243692,3147674,0,849.3401522732795,0,0.0011997231394918586
506581,46,15860998,8188920,0,848.8015890448892,0,0.0021789290092924154
505281,45,3183507,12417803,1,845.2676210675224,0,0.00860432533177732
506218,44,6277552,11643339,1,823.1533162212855,0,0.048812152324935305
506996,40,9944385,4082038,1,848.2594339869449,0,0.003164665478281887
504151,47,19564122,8544708,0,843.0563939464023,0,0.012624738279268565
505153,50,17956119,12524548,0,846.9866440998289,0,0.005478828909402023
503052,28,7385791,7465343,0,849.4600043762722,0,0.0009818102249595799
505185,34,18424218,3303225,0,845.7510178466566,0,0.00772542209698803
503413,34,10267888,13330342,0,844.1529310394139,0,0.010631034473792825
503053,45,18131440,10205413,0,849.5709256548085,0,0.0007801351730753718
504617,37,5210286,6033759,1,848.9071107090066,0,0.001987071438169935
504480,48,17898036,7651803,0,849.3996795964258,0,0.0010914916428621357
503120,28,16457168,3438127,1,849.4437705531894,0,0.0010113262669282374
504169,53,7570859,7286789,1,847.7078017763083,0,0.004167633133984973
501855,57,17911931,6286549,0,849.835142119546,0,0.0002997416008254022
505501,39,4132099,1622636,0,849.0443397576071,0,0.0017375640770780308
504150,58,9637542,13737502,0,843.3852189635529,0,0.012026874611721992
501508,33,17110443,7554929,0,849.3766950207677,0,0.0011332817804224845
501359,35,11775004,2440485,1,849.4395296976539,0,0.0010190369133564875
504521,25,5597002,4768647,0,849.1621799789876,0,0.0015233091291134856
506406,34,9382948,5712658,2,848.683449645318,0,0.0023937279176036207
503737,46,12748458,12212831,0,506.1058988815119,0,0.6252620020336147
505089,42,3671047,11854696,0,847.8134375198765,0,0.00397556814567896
504897,40,11472284,8369155,0,849.0190778709125,0,0.0017834947801590771
503761,47,11660167,11597693,2,847.4161752470852,0,0.0046978631871178985
501563,44,16675610,3787904,0,849.6491055705749,0,0.0006379898716821138
503196,23,9315410,2762416,0,849.8242173899475,0,0.00031960474555000126
505791,23,15500530,7206329,0,849.2525309892551,0,0.0013590345649907123
505840,52,4169354,2512652,0,847.0948112759866,0,0.005282161316388002
502489,44,16635005,9268608,0,849.3568608436049,0,0.001169343920718398
502075,34,17679693,8790489,1,849.1413413644924,0,0.0015611975191047024
503300,43,6916226,14707994,0,816.3755535954429,1,0.06113535709919485
503159,52,7679095,3122551,0,849.7125083575457,0,0.0005227120771894214
502157,26,3904460,6224725,0,849.7156930792509,0,0.0005169216740893633
501640,54,9025807,4251687,0,849.2202762474468,0,0.001417679550096742
501881,37,18563790,4929983,0,849.6939095184163,0,0.0005565281483340491
506191,54,15786270,11450244,1,844.9962689928258,0,0.009097692740316824
502364,53,19874385,8551392,1,849.2578539108321,0,0.0013493565257598743
501723,25,19897152,5324005,0,849.7419945263572,0,0.0004691008611686781
502252,35,18923832,6522752,2,849.5367512828967,0,0.0008422703947333133
505876,53,15604715,14705199,0,849.2867151769508,0,0.001296881496453004
501650,53,9715737,4464668,1,848.9056158131046,1,0.001989789430718855
504548,25,10052281,2636982,0,849.3559697230763,0,0.0011709641398613248
502878,34,3246620,11752370,0,846.8930253511483,0,0.0056490448160941495
505324,34,5728571,1002510,0,848.2896535630198,0,0.0031097207945095504
503776,38,11373383,8975948,0,848.3208584284132,0,0.003052984675612356
501806,34,15146435,12093469,0,848.9986272331325,0,0.0018206777579409662
505812,34,4793616,4812645,0,847.960098787276,0,0.003708911295861756
506220,31,11362201,11541187,0,848.398687030298,0,0.0029114781267309854
504338,23,7043115,1782196,1,849.0351631702342,0,0.0017542487813922909
506312,31,5115490,12834125,0,844.3730720010522,0,0.010230778179905158
505274,34,3751554,14948089,1,845.5786094284751,0,0.008038891948226929
504550,21,15490413,9466781,0,849.3488575475666,0,0.001183895368060819
506808,42,8821203,12519397,0,832.5684792541649,0,0.031693674083336426
502178,43,8760246,2546163,0,849.8121704982215,0,0.000341508185051919
504732,33,4215732,10247801,0,848.9748222859016,0,0.0018639594801789588
504484,45,19311288,9012350,0,848.8171743237626,0,0.0021505921386134772
502175,56,17844749,12564988,0,849.3933067897517,0,0.0011030785640878406
506917,25,8273972,12249704,2,713.0141813096354,0,0.24906512489157182
503408,37,16607925,11242675,0,845.9283469459278,0,0.00740300555285856
506024,24,8800830,8040584,1,846.8790053705235,0,0.005674535689957392
503166,24,11668613,13743904,0,847.5707391423535,0,0.004416837922993644
506368,52,7885771,7617594,0,848.0872723260122,0,0.0034776866799777696
505211,40,11476931,14666443,1,841.3728396872973,0,0.015685746023095776
503841,52,5917124,12215886,0,837.9691652697654,0,0.02187424496406284
504608,44,7398392,11749246,0,844.3163582013408,0,0.010333894179380371
505058,52,10924124,8900368,0,848.8647206517737,0,0.0020641442695023215
501262,57,3223042,13042572,0,841.5009073237312,0,0.015452895775034224
504285,39,11189539,12921243,0,849.1496764003585,0,0.001546042908438907
502676,54,4856872,6909090,1,848.7390116504818,0,0.0022927060900331912
504785,58,3558092,1442609,0,849.2698222245803,0,0.00132759595530863
501225,40,19594500,5919054,0,849.7419945263572,0,0.0004691008611686781
504321,41,12849204,6451323,0,849.4713072632195,0,0.0009612595214191322
504813,33,8971213,10875039,0,849.2196293173224,0,0.0014188557866864802
504639,55,8975857,10562799,1,847.2897134461598,0,0.004927793734255058
503819,40,5357114,3053285,1,848.6403635374216,0,0.0024720662955970626
503639,30,15946052,2493422,0,849.0299425716593,0,0.001763740778801326
503942,40,17653804,14029532,1,845.5908665691958,0,0.008016606237825878
504996,21,6522648,9458380,1,845.9301326708292,0,0.007399758780310614
503278,24,9031559,12845056,0,849.3613097487446,0,0.0011612550022825775
503621,57,7176763,11044429,0,842.6983463911276,0,0.013275733834313477
506086,31,16987131,6249415,1,849.0707639918949,0,0.0016895200147366975
502869,25,8624019,6683352,0,849.593719082984,0,0.0007386925763928054
501980,33,14603989,2865151,0,849.8451388600896,0,0.0002815657089280027
501034,53,13809623,6996433,0,849.5137280083551,0,0.0008841308938999618
505832,31,10396128,1427660,0,849.7406632345504,0,0.00047152139172645957
501573,26,11681933,4002153,0,849.8075892311779,0,0.00034983776149472386
503869,41,9332287,2656431,0,848.8417382763778,0,0.0021059304065859288
506924,28,4812947,8276609,0,848.9707996990334,0,0.0018712732744849165
506036,29,18974846,3110870,0,848.769721412671,0,0.002236870158780164
503585,48,9857240,1601607,0,849.2786457861953,0,0.001311553116008483
504479,48,18329532,7419259,0,848.0441153264067,0,0.0035561539519878937
504359,53,9030977,10271477,0,849.3614030394467,0,0.0011610853828240737
502037,28,7095137,7750345,0,849.22700521234,0,0.00140544506847275
506752,46,14187502,2090985,0,847.8766448136098,0,0.003860645793436824
503806,47,13223472,12101690,1,848.1154969831018,0,0.003426369121633097
501377,31,9967086,7120619,0,849.7417481077865,0,0.00046954889493359416
506986,21,7216835,12446720,1,509.8410021298357,0,0.6184709052184805
502211,31,14408548,14303059,1,845.6173999854857,0,0.007968363662753369
503093,43,19149526,7093830,1,849.6245958632213,0,0.0006825529759611616
503415,43,9250608,4565465,0,847.5489124199214,0,0.004456522872870146
501959,21,3593257,11227044,0,845.0910898105715,0,0.0089252912535065
504756,28,12409778,6046623,1,847.9015216757355,0,0.003815415135026457
501841,47,16686944,6834902,0,849.7482316862079,0,0.00045776057053112195
505259,21,7989969,1198329,0,848.79226999623,0,0.0021958727341273125
501904,42,6034345,2921267,0,849.7232670490141,0,0.0005031508199744192
504582,24,11436947,7178036,1,847.9006644763215,0,0.003816973679415462
501673,57,7651696,3532414,1,846.0439925942633,0,0.007192740737703034
505265,24,14613879,4750892,1,849.6397893866508,0,0.0006549283879076246
504209,45,13706961,9521993,0,848.8203334915698,0,0.0021448481971457485
501836,57,19459723,3430216,0,849.7189811943177,0,0.0005109432830586824
504157,28,7145187,2136245,0,847.5881378133137,0,0.004385203975793373
506680,46,3990691,11230836,0,841.8640350714787,0,0.01479266350640243
503723,59,19396547,8996733,0,848.6683819600066,0,0.0024211237090788758
503167,38,17743208,5640088,1,849.6245958632213,0,0.0006825529759611616
501251,35,13695714,3879254,0,849.6575391947756,0,0.000622656009498791
505077,37,15503691,5022410,1,849.066869512328,0,0.00169660088667626
503752,50,7872018,7258671,1,849.277239297938,0,0.0013141103673855316
502900,57,3034778,13622404,0,836.3178859011805,0,0.02487657108876279
504452,25,9270253,4722343,1,849.4597152627733,0,0.0009823358858665862
501234,29,3792521,14329297,1,845.991651260648,0,0.007287906798821711
504944,44,16847622,13381584,0,848.5352164541796,1,0.002663242810582556
505037,51,12184157,9135047,0,848.0639844186563,0,0.003520028329715792
502854,34,13702147,9643781,1,849.1413413644924,0,0.0015611975191047024
502164,21,13670772,8915728,0,849.7124136486289,0,0.0005228842752203142
503114,39,6938076,14678696,0,839.7575594015872,1,0.018622619269841403
501824,21,16295896,7865685,0,849.3739499736658,0,0.0011382727751529436
502648,41,7001684,10784890,0,849.1730149101014,0,0.001503609254361032
506516,51,9272211,12005076,0,849.334289172996,0,0.0012103833218254862
501777,47,8080490,12353933,0,846.7026764352537,0,0.005995133754084142
501419,21,18560944,1087304,0,849.7609148985989,0,0.0004347001843655781
505113,36,16936314,8674998,0,847.9387486312986,0,0.003747729761275247
505031,39,12912097,13474500,0,848.1945356816908,0,0.003282662396925787
501910,43,15623827,12420832,0,847.8870406334454,0,0.003841744302826483
505914,48,16372255,13732838,1,848.3841415768713,0,0.002937924405688468
506032,38,18154478,10613413,0,848.065976588261,0,0.0035164062031617653
503141,36,15434585,3393248,0,849.7980225932109,0,0.00036723164870743584
506850,59,8093123,12909402,0,825.8337383806037,0,0.04393865748981157
501162,49,13837620,7076467,0,849.7324540687321,0,0.0004864471477598956
506735,52,14735291,12629150,0,841.7374375676076,0,0.015022840786168142
504365,28,8375763,14983843,0,849.153022032358,0,0.00153995994116742
501257,24,15130381,5560458,0,849.851500807854,0,0.0002699985311745
502841,26,3732770,9194697,0,848.3623555343894,0,0.0029775353920192876
502876,41,6934902,10790896,0,848.4600548990059,0,0.002799900183625623
503619,30,4120648,4027007,0,849.2961604640071,0,0.0012797082472597772
501191,29,11805052,13940323,1,846.89808895728,0,0.005639838259490785
505712,44,10062898,7856431,0,849.5739928226832,0,0.0007745585042124875
503969,30,4611398,7300457,0,849.5422076598642,0,0.0008323497093378273
504030,23,6964376,2571274,0,848.7371482238459,0,0.002296094138461976
505296,41,13437889,8923106,0,848.1530648765831,0,0.0033580638607579203
504807,46,3032714,7829711,0,847.0733315150658,0,0.005321215427153082
501783,47,4192952,6064665,2,837.414120613042,0,0.022883417067196453
502369,43,4764277,7152583,0,847.6627450100655,0,0.004249554527153749
505984,59,3804980,14572515,0,814.3838051951614,0,0.06475671782697934
504141,48,18055627,9441426,0,849.0707168392719,0,0.0016896057467783933
502163,55,5123554,3265468,0,849.5650605398189,0,0.0007907990185111823
505108,37,7764003,1476616,0,848.79226999623,0,0.0021958727341273125
503838,54,16763611,6563114,0,849.1421018817631,0,0.00155981476043073
505377,28,3212575,13779253,0,838.3308512272775,0,0.02121663413222268
502983,29,3683192,13545147,0,840.7479872555215,0,0.016821841353597263
506212,52,6203771,9331256,0,848.3989709484679,0,0.0029109619118767144
503959,43,12611576,4072141,0,848.6951984912954,0,0.0023723663794629605
502657,22,13218060,2513031,0,849.8451388600896,0,0.0002815657089280027
505391,46,18331529,2528362,0,849.2903413448577,0,0.0012902884638952765
505776,30,14078827,12399019,1,848.9361555510044,0,0.0019342626345375778
504211,46,9305034,7230417,0,849.7084670397245,0,0.0005300599277735068
502551,27,15220363,1467396,0,849.7152055979047,0,0.0005178080038095649
502870,59,5793116,5137759,0,849.3855391523447,0,0.0011172015411913846
504246,40,5217425,7497611,0,846.446681797224,0,0.0064605785505019225
501165,32,14637710,11482341,0,848.5286013206945,0,0.002675270326010019
505217,30,7944780,10566147,0,849.0213438201794,0,0.0017793748724011583
503527,45,8617589,8705784,0,846.1989099452819,0,0.006911072826760177
503168,38,5333307,12172625,0,844.9773812517388,0,0.009132034087747579
504134,48,9687783,2359143,1,847.4148386538673,1,0.004700293356605068
502861,53,4019994,7627897,0,849.5402037620216,0,0.0008359931599606789
505778,32,8035053,3295680,0,848.7675388953992,0,0.002240838372001508
502259,27,14571162,2415567,2,849.7139127557064,0,0.0005201586259885758
504040,40,5458980,9746330,0,848.7032094966892,0,0.0023578009151104945
504750,33,18222213,2093744,0,849.4238448567785,0,0.0010475548058574038
504006,40,16116532,2071836,0,849.0421938942673,0,0.0017414656467867535
505478,41,15377333,14449917,1,849.2488805517406,0,0.0013656717241079023
502504,36,9104352,11579601,1,849.3926514385774,0,0.0011042701116773528
503891,37,9535303,1549953,0,849.2852528759624,0,0.0012995402255229493
506411,59,11329884,3161630,0,849.0553007356582,0,0.0017176350260759959
506597,33,15047238,3032170,0,849.6699997185233,0,0.0006000005117759419
505651,46,10982462,4756129,0,849.5211895589559,0,0.0008705644382618597
501016,28,17784749,1979901,0,849.6820532383115,0,0.0005780850212517639
504270,40,18029536,5113153,0,849.1208728319074,0,0.0015984130328956679
501529,52,18207450,6870935,2,849.5183253413975,0,0.0008757721065500165
504507,32,6736480,12000103,0,843.6565210182006,0,0.011533598148726155
506185,56,10239736,3703700,0,849.7207046878,0,0.0005078096585456226
505792,38,12420960,7432012,0,846.6987911934117,0,0.0060021978301605305
505784,42,12803073,14128989,0,847.3707103888495,0,0.00478052656572809
506730,30,4598804,5900682,0,849.5388073824795,0,0.0008385320318554765
506976,24,7477368,1786894,0,849.242540368544,0,0.0013771993299198809
504782,41,4845761,11150787,1,829.1979494223565,0,0.03782191014117005
503846,52,16747155,7750491,0,848.7913277258062,0,0.0021975859530796527
506831,37,8286195,11537651,1,847.9012290139472,0,0.0038159472473687254
501963,34,19601971,2065347,0,849.314851330937,0,0.001245724852841846
503932,49,8485333,11964714,0,848.9969454214224,0,0.0018237355974137827
505924,54,4419953,8535868,0,849.276630662176,0,0.0013152169778617453
505621,57,10286373,12740460,0,839.5815834703458,0,0.018942575508462164
504118,47,16771778,4169906,0,849.3183121943638,0,0.001239432373884056
503802,44,13603945,8747851,1,847.8684430872064,0,0.003875558023260958
506249,42,19192681,9898687,0,849.11936861002,0,0.001601147981781741
506393,29,13969124,12326680,1,848.6088601962801,0,0.0025293450976725594
505514,21,18134435,14362747,1,846.7079283189594,0,0.0059855848746192845
501393,22,13809815,8934683,0,849.4825480873376,0,0.0009408216593862948
506660,22,17326606,6687187,1,848.8635932444977,0,0.002066194100913202
504712,22,11616430,8980856,0,848.2597059344255,0,0.003164171028317331
505912,23,5987587,8656884,1,837.5840469136523,0,0.0225744601569959
501927,31,17300474,9539624,0,849.3412857470038,0,0.0011976622781749897
501695,32,11949618,7255469,0,849.4248346481805,0,0.001045755185126444
502990,46,10100535,11658893,0,848.9845197068263,0,0.0018463278057702928
505564,26,9090008,2062774,0,848.4432631715902,0,0.0028304305971088724
501540,43,5401809,13161243,0,836.8853184515432,0,0.023844875542648723
502698,27,10043631,9690878,0,849.4104879762693,0,0.001071840043146804
505315,53,13217120,12541827,0,848.6715897764157,0,0.0024152913156078428
503981,59,7958005,7980091,0,849.0918198083031,0,0.0016512367121762433
501887,48,16243158,13553996,0,848.3980107466722,0,0.0029127077333232936
504553,38,17491753,1822665,0,849.668641759811,0,0.0006024695276164592
506283,37,5131208,1058627,1,845.3774218993178,0,0.00840468745578573
505680,37,5742973,8136992,0,849.0760075083364,0,0.0016799863484793652
504318,30,14487282,1727845,1,849.5938094582765,0,0.0007385282576791708
501674,36,19321413,6123824,0,849.7188827167905,0,0.0005111223331082745
506149,34,6478095,2067929,0,848.7891159870163,0,0.002201607296334043
505606,46,6799680,6456241,0,849.0817888687176,1,0.0016694747841499188
505931,26,17379970,11097993,0,847.3741846806283,0,0.004774209671584964
502492,35,10358957,4233860,0,849.7916691807349,0,0.0003787833077548294
502156,44,9191921,2109583,0,849.8242173899475,0,0.00031960474555000126
503514,41,17664212,8109890,0,846.9678616928148,0,0.005512978740336605
502069,35,4969047,4233542,0,849.0800492929069,0,0.001672637649260141
504268,47,16971471,2926208,0,849.6766511449663,0,0.0005879070091521622
504389,53,16494735,9390317,0,848.2655860617124,0,0.0031534798877957005
502359,47,18592321,6373721,0,849.6843295443657,0,0.0005739462829713574
505689,51,8112128,5474224,0,849.5971333743375,0,0.0007324847739316942
505814,39,14004756,1193841,0,849.079471635586,0,0.0016736879352981604
502815,38,6178427,7768636,0,849.5742054882171,0,0.0007741718396052302
504894,51,12333195,6589620,0,848.9340087435107,0,0.0019381659208895729
505548,23,7315420,8987152,1,848.4047102247171,0,0.0029005268641509024
506268,52,12570426,11853855,0,848.9058237675973,0,0.001989411331641291
505835,44,15732605,14738351,1,846.9164781881719,0,0.005606403294232774
504467,51,15707601,9803349,1,849.3340522501112,0,0.0012108140907069167
505481,56,7620111,6171734,0,849.7715065509154,0,0.0004154426346991203
503757,24,19146480,4599659,0,849.5009997541141,0,0.0009072731743380211
502745,40,8464578,11000025,0,847.8838549358646,0,0.0038475364802461726
501366,51,14344496,12062071,0,848.9728249542093,0,0.0018675909923467715
504239,41,3266322,2190267,0,848.5931809257431,0,0.0025578528622852547
505345,48,4145591,2677902,0,848.5370785124893,0,0.0026598572500195136
504089,59,7476544,9607780,0,847.9438520609399,0,0.0037384507982910022
504083,36,11606792,3390696,0,848.5666893813453,0,0.002606019306644902
503095,21,10017560,2204181,0,849.2235843651058,0,0.0014116647907167032
501502,25,19164675,7852537,0,849.4097040019996,0,0.0010732654509098974
505716,59,6018916,1927800,0,849.0014778155822,0,0.0018154948807594452
503762,46,5561269,7719233,0,848.9288109757217,0,0.0019476164077786606
506981,39,7913785,10584270,0,846.480116573502,0,0.006399788048178179
503220,55,14258734,4130560,0,849.8418395606332,0,0.0002875644352123678
505179,31,15128854,2107170,1,849.1045858695342,0,0.0016280256917560897
503731,28,6302573,12186330,1,843.0715858006224,0,0.012597116726141059
503049,47,4115134,2864571,0,849.427962947418,0,0.001040067368330791
501125,53,18866172,14271100,0,848.6444044257823,0,0.0024647192258502953
506796,27,3836751,7465451,1,848.2207069804866,0,0.0032350782172971045
506073,53,9754647,10818743,0,849.1760912262708,0,0.0014980159522347766
502837,51,4095922,4342487,0,848.5968978152041,0,0.002551094881447159
505167,31,6316765,9797419,0,845.9594458180095,0,0.007346462149073641
503477,54,9976702,1911546,1,845.3715828762854,0,0.008415303861299347
503740,32,4702517,4954365,0,849.2467841225117,0,0.0013694834136149666
506961,51,15846949,12556278,0,787.5206914824912,0,0.11359874275910686
505144,58,16011938,5538621,0,849.3706020411512,0,0.0011443599251796802
505006,43,8664117,10628621,0,846.1761207369764,0,0.006952507750952098
503854,52,12882130,1275903,0,849.4165236972814,0,0.0010608660049430774
506453,49,5330110,12601144,0,843.9088001116149,0,0.011074908887972957
504455,35,5202894,5674356,0,848.6454862274575,0,0.0024627523137136036
501066,46,4234955,7518662,1,840.9178348941755,0,0.016513027465135544
505437,50,5246476,10638624,0,844.4124466521351,0,0.010159187905208896
504429,37,10250221,13780414,1,847.0231836821639,0,0.0054123933051565785
506615,22,16520997,8918432,0,849.2677194088901,0,0.0013314192565632836
502823,52,16083065,9195601,1,847.9749967860372,0,0.0036818240253868742
506440,29,17802216,8477100,0,848.6387650655803,0,0.002474972608035775
501962,34,15307394,7515980,0,849.7124136486289,0,0.0005228842752203142
506229,35,11570905,10406900,1,842.6556059305469,0,0.013353443762641972
506512,23,7738536,6595478,0,849.5058198398482,0,0.0008985093820941327
504834,22,6328585,3409478,0,849.1079427520712,0,0.0016219222689615317
504024,38,11245447,5591105,1,848.8696490004025,0,0.0020551836356317516
501705,36,4278697,7549578,0,849.4045779992001,0,0.0010825854559997944
504592,51,19834762,6543008,1,849.597494041946,0,0.0007318290146436716
504111,32,12926856,3291837,1,848.7314781381621,0,0.0023064033851599394
502071,59,4773561,7277229,0,849.3701496166559,0,0.0011451825151710677
502420,22,10456334,1730174,1,849.6260122651482,0,0.0006799776997304453
506171,21,15036473,13674478,1,839.8089906335489,0,0.018529107939002122
501960,33,15110515,11061435,0,849.657012798262,0,0.000623613094069055
502223,43,13763716,13610184,0,849.5168643894683,0,0.0008784283827848279
504051,23,11945922,9592998,2,847.9443061016497,0,0.0037376252697279753
503808,49,6878367,9048654,1,838.928038548684,0,0.020130839002392736
502727,45,5297450,5010172,1,848.3771881877749,0,0.0029505669313183635
505989,58,15591505,12065284,0,847.6882308502453,0,0.0042032166359177005
504511,47,4804452,2168377,0,844.6524597740722,0,0.00972280041077783
504131,26,9915490,12106678,0,848.815154252669,0,0.002154264995147224
506881,54,10291659,12117781,0,846.1670662295221,0,0.006968970491778008
506903,32,12359110,8693758,1,845.004333065856,0,0.009083030789352721
501834,29,15495322,2569987,0,849.8451388600896,0,0.0002815657089280027
505708,42,11443424,7713157,0,849.428229424581,0,0.001039582864398192
504190,42,19912763,13441769,1,847.7289987423192,0,0.004129093195783323
506656,28,7926082,10219086,1,501.40154275537736,0,0.6338153768084047
506320,50,8085997,4277294,0,849.5370884928993,0,0.0008416572856375604
505164,46,10532107,10759760,0,849.4568267730759,0,0.000987587685316493
506979,38,6477569,2426759,0,848.9962184284641,0,0.001825057402792644
506478,57,16952609,13861750,0,818.1257442110124,0,0.05795319234361382
501098,30,5381178,4754546,1,848.4734876965624,0,0.0027754769153409764
504927,44,8692432,12581026,0,846.7536149560499,0,0.005902518261727348
505965,52,6674275,1194957,0,848.9538618527863,0,0.001902069358570424
504618,29,18459551,1985321,0,849.7357405299192,0,0.0004804717637831698
503209,41,16365509,11657192,1,848.649892575172,0,0.00245474077241457
506204,24,18278919,11087692,0,849.2773842283274,0,0.0013138468575866222
505807,29,6253740,4550861,0,848.9764445490927,0,0.0018610099107405186
503987,33,19573517,1941408,0,849.4238448567785,0,0.0010475548058574038
504933,22,4493886,5341852,0,849.5422076598642,0,0.0008323497093378273
502645,23,9084028,6926851,0,849.6800337578842,0,0.0005817568038470243
503763,52,14770338,10240269,0,848.9171732187879,0,0.0019687759658403737
506603,47,11295773,9556837,0,847.9633725935639,0,0.0037029589207928522
502148,28,14604190,5313059,1,849.5909754519022,0,0.0007436809965414537
501343,55,11821907,3791905,0,849.0397090000745,0,0.001745983636228199
502471,40,12166521,2815248,0,849.6601408379298,0,0.0006179257492186317
506201,47,14309234,9849529,0,848.9090514057355,0,0.0019835428986629015
502690,26,12341978,14507528,0,846.5867771488531,0,0.006205859729357955
503221,36,13010581,14174415,0,848.9457584808558,0,0.0019168027620802982
504471,27,9436856,8659141,0,848.5543415139762,0,0.002628469974588843
504262,43,15571357,8749463,0,849.4489314049895,0,0.0010019429000191976
502856,54,11298415,10635362,0,849.3860823766747,0,0.0011162138605913872
502538,21,17980355,1656956,0,849.2982052588623,0,0.0012759904384322261
503768,31,19620459,4873275,0,849.0757995174041,0,0.0016803645138107701
503314,22,11112234,7467069,0,849.7189522921501,0,0.0005109958324542384
502284,38,16851787,6914273,1,849.84131113908,0,0.0002885252016728065
501064,53,18886116,6445376,1,849.8080602726741,0,0.00034898132241071797
504360,54,5295922,11441318,0,846.9344853832768,0,0.005573662939496738
502969,35,12126770,13669889,0,849.3281582660784,0,0.0012215304253118896
506316,28,15325492,1326295,0,849.7370181872094,0,0.0004781487505283562
502996,50,11472021,13197488,0,849.3261605537107,0,0.0012251626296169106
503990,52,7759584,9700606,0,848.0354310969552,0,0.003571943460081358
504714,56,17275172,11885021,0,849.3362659721307,0,0.0012067891415805242
505027,42,14827636,10136932,1,847.8684430872064,0,0.003875558023260958
506297,34,14197468,4293218,0,849.5758729351729,0,0.0007711401178675025
501682,41,7504140,5796587,0,849.3668395710597,0,0.0011512007798914453
503061,33,15326146,11127711,0,849.657012798262,0,0.000623613094069055
506108,45,17961867,13323791,0,849.464919046522,0,0.0009728744608689734
502995,35,10147328,13288544,0,848.3257829909958,0,0.0030440309254622373
503962,43,14765779,9611876,0,848.2003939279494,0,0.003272011040092018
504803,24,15977579,13681881,0,849.2757963965028,0,0.0013167338245404395
503918,31,12335795,7826860,1,845.7668225870943,0,0.0076966862052830695
503966,53,14465647,5280908,0,849.4840820180426,0,0.0009380326944679838
506832,32,17569327,7529258,0,848.239302252957,0,0.003201268630987281
503467,53,13038699,4029596,0,849.2799991824868,0,0.0013090923954784967
505635,21,7532387,10587277,1,827.1446168006249,0,0.04155524218068196
501735,52,15759720,13361668,0,849.5926203228908,0,0.0007406903220166925
503397,54,16163133,9219237,0,847.5193697051463,0,0.004510236899733802
506373,52,9018649,10543054,0,849.4341420587084,0,0.001028832620530106
506351,51,17771303,12160325,0,847.9665981802497,0,0.0036970942177278012
506184,31,16880929,14231591,0,849.5845753695727,0,0.0007553175098678283
506130,51,17233631,14016995,0,848.2110814978586,0,0.0032525790948026304
505599,43,10799617,7243730,1,848.9573952077327,0,0.0018956450768495526
504890,40,7114476,8950681,0,848.1889364110292,0,0.003292842889037757
505907,25,16536623,13679337,1,847.7186381771539,0,0.004147930586992805
506188,33,6328101,4450195,0,849.6210719806107,0,0.000688960035253169
506412,46,11762802,13635968,0,847.2081653482554,0,0.005076063003171902
501652,56,16300992,5725627,0,849.7013084789234,0,0.0005430754928667098
503562,55,5151562,7568885,0,846.3347247549548,0,0.00666413680917312
501469,37,17794855,6995433,0,849.6939095184163,0,0.0005565281483340491
503576,48,8345379,11354030,0,848.8660349267396,0,0.0020617546786551397
501208,37,10070969,1267033,1,849.8142023924922,0,0.00033781383183239936
503759,21,13145638,3067904,1,822.8412879360343,0,0.04937947647993771
506937,39,4875097,12743244,1,645.7876544042358,0,0.3712951738104805
501077,53,12641436,7309017,0,849.6312491195555,0,0.0006704561462626857
506020,39,13944910,13542242,0,847.1239274709585,0,0.005229222780075386
504153,58,5261069,5317083,0,849.0173945328348,0,0.0017865553948457863
501009,38,11650601,12664024,0,845.4886289262827,0,0.008202492861304186
502257,24,5419310,1955217,0,849.6344865865667,0,0.000664569842606044
506230,51,17839234,3732302,0,848.667004956149,0,0.0024236273524565065
506666,55,4071844,1255241,0,849.5236651516567,0,0.0008660633606241301
501114,38,6089206,10505196,0,848.9129297585594,0,0.0019764913480738193
503063,33,4764678,5654013,0,849.196362968748,0,0.0014611582386400233
505979,35,10889257,7613102,0,848.894793146011,0,0.0020094670072526954
503729,31,3713388,2928716,0,848.4045094630719,0,0.002900891885323679
501729,26,7354824,6300120,0,849.758983249233,0,0.00043821227412183547
502150,34,13907371,9529696,0,849.4416547888923,0,0.0010151731111048298
502615,33,10003838,8552302,0,849.6217956630001,0,0.0006876442490907741
505853,55,6033743,5330358,0,849.2404787244132,0,0.0013809477737942945
502542,25,10386928,14942917,1,846.1098619403683,0,0.007072978290239286
501923,40,5191527,10780877,0,846.095508093169,0,0.007099076194238265
503031,22,4721319,4231385,0,849.6044871928996,0,0.000719114194728066
506464,42,11797881,11085522,0,847.8887668895322,0,0.003838605655395791
506289,29,3529731,12260960,0,846.444312793156,0,0.006464885830625584
504426,42,10352395,7580397,0,849.4938252824383,0,0.0009203176682941414
502001,51,16042734,8198540,0,849.4378049572731,0,0.001022172804958021
505602,39,6642578,14838574,0,838.4106925972299,0,0.021071468005036644
502200,28,14918980,10859912,0,849.657012798262,0,0.000623613094069055
502766,34,7790533,4865801,0,849.5328868077867,0,0.0008492967131151711
503343,48,9129252,1863366,0,848.4357205006783,0,0.0028441445442214173
503638,36,8089028,14919846,0,846.8038700233778,0,0.005811145412040182
506254,25,8938675,5834984,0,849.7313486422482,0,0.0004884570140942029
502585,27,9409612,6747550,1,849.8240371314924,0,0.00031993248819558903
502481,51,17462920,2258866,0,849.8312872575899,0,0.00030675044074557795
504733,23,4652705,4503875,0,849.1755682762223,0,0.0014989667705049602
502340,49,18091239,13669378,0,849.4976463371131,0,0.0009133702961579201
501761,42,14415944,13936837,0,848.3019943678011,0,0.0030872829676344363
506120,36,7376467,8117874,0,848.3249942042455,0,0.0030454650831899773
502912,47,8377087,8679142,0,849.5263729860882,0,0.0008611400252943036
502651,34,4156484,7089256,1,848.6267185449925,0,0.0024968753727409093
506703,31,14381915,12164866,0,846.6911121473541,1,0.006016159732083323
506759,53,17750244,8494364,0,849.0829980700948,0,0.0016672762361911292
505700,39,3489763,7297524,0,849.61287145869,0,0.0007038700751090919
503011,48,4199617,4383155,1,848.9530658212235,0,0.0019035166886845556
506724,44,14867882,7269904,1,833.9905752735323,0,0.02910804495721397
506109,55,8305164,11840672,0,848.9921463965019,0,0.001832461097269289
506181,33,18934669,6077790,0,849.5098007980195,0,0.0008912712763282787
506145,25,15430594,12754639,0,846.1526139895986,0,0.00699524729163877
506217,42,10495863,1035070,0,849.7406632345504,0,0.00047152139172645957
506819,48,5754925,7986066,0,846.918211864614,0,0.005603251155247294
502074,56,6780095,6609305,0,849.4928561375607,0,0.0009220797498895896
503040,28,4417711,10846749,0,847.0372365949677,0,0.005386842554604213
502583,49,8934595,7319142,0,849.6792400176503,0,0.0005831999679086647
502972,50,13931381,2256471,0,849.728042810476,0,0.0004944676173162117
501527,42,5089982,14798026,0,846.3499730323867,0,0.00663641266838778
505232,43,7415673,1326895,0,849.4650833332067,0,0.0009725757578059154
501255,36,4781004,3992797,0,849.2365445583991,0,0.0013881008029107368
505018,51,6013436,2117587,0,848.8975887929755,0,0.002004384012771794
505428,34,7169823,3205422,0,848.7208816802162,0,0.0023256696723341947
504546,43,11641724,9355754,1,849.2490512681509,0,0.0013653613306348234
506081,45,3239759,10710639,0,848.0103245818761,0,0.0036175916693160773
504100,29,12058960,8840906,0,847.8127866204742,0,0.003976751599137753
503921,58,18925784,11869587,0,848.7938998671718,0,0.002192909332414816
502580,59,19086352,2518084,0,849.6997977968769,0,0.0005458221874964961
505183,50,3687454,1170385,0,848.6888505438759,0,0.002383908102043811
501468,24,9691541,13627861,0,848.3013333362909,0,0.003088484843107447
501226,35,15654535,5345665,0,849.7688994259765,0,0.00042018286186073015
506195,42,19778504,11924061,0,849.3300278465941,0,0.0012181311880107278
502847,54,4659595,5922677,1,848.8023286416527,0,0.0021775842879041304
506375,39,18627122,13874379,0,848.0927965821306,0,0.003467642577944338
505545,23,5911238,11320282,0,847.2671153092223,0,0.00496888125595952
506544,33,16508976,4999748,1,848.0323464720188,0,0.0035775518690565784
504344,42,13624723,14653178,0,844.3980058612267,0,0.010185443888678793
503363,53,15013196,7735039,0,846.8127765844324,0,0.005794951664668228
504236,22,5822924,3957277,0,849.124309593563,0,0.0015921643753400167
505222,50,4221028,13688734,1,843.0117295587017,0,0.012705946256906043
501680,31,10447485,10274256,1,846.7786500106449,0,0.005856999980645599
504408,56,14810873,2745101,0,849.710366484898,0,0.0005266063910945145
501131,23,19413179,11730204,0,848.8562667598638,0,0.0020795149820658477
504336,57,7522449,6215707,0,849.5366237334227,0,0.0008425023028676889
506469,35,9053303,9748705,0,848.7057277294286,0,0.0023532223101297143
505190,46,19934396,6401743,1,847.5810394754018,0,0.004398110044724151
505839,58,4866511,14893715,0,804.3150756331931,0,0.08306349884873974
505407,50,17089215,3735732,0,849.578312060393,0,0.000766705344739874
506234,42,9686074,8734872,0,848.894793146011,0,0.0020094670072526954
504823,39,14568002,13592248,1,848.9633036453552,1,0.0018849024629905334
506523,55,17439081,5476540,1,849.6473223261337,0,0.0006412321343023007
506334,57,18212545,7226703,0,848.8630070768402,0,0.002067259860290643
504497,21,11368866,6387998,1,845.2171394337566,0,0.00869611012044249
506782,45,15686171,2668812,0,848.9070697678372,0,0.001987145876659468
504597,52,17582435,12593577,0,846.9866440998289,0,0.005478828909402023
503272,38,6858975,8970040,0,849.4600043762722,0,0.0009818102249595799
506906,48,5872465,12609488,0,714.1806082996404,0,0.2469443485461084
504615,43,13360007,6433762,1,849.0868336494103,0,0.0016603024556175656
501304,30,3911228,6882220,0,849.1381927039407,0,0.0015669223564714339
501604,25,16277484,10789342,0,849.2894603602423,0,0.001291890254104876
504069,47,3350521,9758729,0,848.1476605689322,0,0.0033678898746686598
501134,22,16566448,4204961,1,849.7786666571385,0,0.0004024242597481943
503505,21,10629265,5996706,0,848.7792709191399,0,0.0022195074197457936
503282,35,17720822,12659099,0,848.858911593126,0,0.0020747061943165042
502597,41,8001911,6165390,1,846.9803009648102,0,0.005490361882163254
504558,44,9238122,2365733,0,849.6018971141965,0,0.00072382342873361
505618,56,11629762,12199774,0,840.6185013902823,0,0.017057270199486635
503998,33,14229327,6702921,0,849.1917043246658,0,0.0014696285006076458
503208,39,12319180,12518687,0,844.5363883539045,0,0.009933839356537407
503466,39,12909350,7867264,0,848.7593864888441,0,0.0022556609293741944
506113,49,15115186,1039918,0,849.7562536185166,0,0.0004431752390607613
504525,46,9909494,7220941,0,849.7559844715217,0,0.0004436645972332161
506688,44,6562385,14791972,0,836.0500919484267,0,0.02536346918467885
506363,40,4969268,2002661,0,848.2488412433213,0,0.003183925012143078
503767,46,4966028,12017404,0,839.6946074080201,1,0.01873707743996345
502165,46,6917796,13033821,0,844.4185288839997,0,0.010148129301818713
501322,37,18876068,2387212,0,849.6820532383115,0,0.0005780850212517639
506940,37,12327341,7372099,0,848.3868660267116,0,0.0029329708605245162
504919,43,4915373,3488344,0,847.8383745863349,0,0.0039302280248457045
504380,37,18221944,12195244,0,847.4964406425246,0,0.0045519261045006715
503176,29,6515616,13109268,0,756.8348038019112,0,0.16939126581470687
505574,21,7593836,10836844,2,829.806036692927,0,0.03671629692195073
502774,26,8454237,2235141,0,849.4603446608343,0,0.0009811915257558334
502176,34,10712129,10999887,0,849.5576920371155,0,0.0008041962961535513
503012,40,8806979,4104099,0,849.8034162187885,0,0.0003574250567482328
505246,55,10115911,2436747,0,849.2896641140186,0,0.001291519792693498
502705,59,10798475,13661457,1,843.9049455088727,0,0.011081917256595068
502731,24,7718526,13935727,0,847.0577935739867,0,0.005349466229115079
505332,35,5592767,7866470,0,847.1140786452564,0,0.005247129735897503
506518,47,11573863,12179601,0,834.9396484736118,0,0.027382457320705926
503883,30,12211853,10111287,0,838.8612677607716,0,0.020252240434960697
501839,32,18707860,10739851,0,849.5867624493047,0,0.0007513410012640215
501128,37,16750531,12719308,0,848.9527213892429,0,0.0019041429286491705
502227,21,7469534,11217148,0,847.6041006937921,0,0.004356180556741531
501203,52,16908171,2668450,0,849.6963839803476,0,0.000552029126640691
506776,28,14138817,6375913,0,849.3097930512221,0,0.0012549217250507531
503811,47,11528036,2940036,1,848.7963370887499,0,0.0021884780204549014
505947,37,11941391,7564982,0,849.4541984983921,0,0.0009923663665597025
501264,50,7797086,13877577,0,846.7414521042326,0,0.005924632537758756
506436,27,15089483,5488872,1,848.8714669115494,0,0.0020518783426373734
502958,56,11268933,11317979,0,848.2993098238497,0,0.0030921639566368867
504496,59,14820049,12303231,0,848.3942514869202,0,0.0029195427510541054
504542,22,11619622,8978006,2,847.9443061016497,0,0.0037376252697279753
502068,44,10273799,2213800,1,849.8142023924922,0,0.00033781383183239936
501872,39,8845210,7578954,0,849.3386400742941,0,0.0012024725921926658
505665,36,3854677,9400793,0,847.3884591959343,0,0.004748256007392106
504217,57,12459562,12280933,0,840.5375322742609,0,0.017204486774070996
502631,45,5235971,10751932,0,847.4839270782843,0,0.0045746780394830735
504664,58,3415058,9048982,2,846.2182203982527,0,0.0068759629122678734
504204,54,6292948,1913277,1,841.4575438917587,0,0.015531738378620479
504943,46,14976595,14113226,0,848.3545763097941,0,0.0029916794367379944
503075,36,9399339,3562371,0,848.8983479581617,0,0.0020030037124333577
502719,46,10987754,9963131,1,846.8561149345602,0,0.005716154664435981
504225,39,9695695,10571129,1,849.3073826299308,0,0.0012593043092168868
506942,49,11459155,1678473,0,849.5481207818559,0,0.0008215985784438372
502914,41,12341401,5532719,0,849.479456344838,0,0.0009464430093853469
503374,53,8655194,1628091,1,843.5922888244373,1,0.011650383955568444
503279,22,9030057,1325054,0,849.8001511657535,0,0.0003633615168116696
506794,59,7629320,1206787,0,845.7125110467559,0,0.007795434460443849
504315,43,15741196,5793942,0,849.5809810716792,0,0.0007618525969469981
506492,21,3968294,5490500,1,848.2088395060157,0,0.003256655443607765
503318,31,17777033,13594172,0,848.4253389522255,0,0.002863020086862633
505970,40,7014429,13702185,1,829.6945542494296,0,0.03691899227376429
506574,30,13958465,10938908,0,849.3379544633782,0,0.0012037191574942093
505766,28,12324798,13078163,0,845.1360571545459,0,0.008843532446280134
506864,44,12760708,10820555,1,844.0062897031609,0,0.010897655085162083
503389,57,11296858,9140108,0,848.6716117993032,0,0.0024152512739942676
503312,36,9356026,4851698,1,848.7473024470655,0,0.0022776319144262648
503815,33,11934847,5527274,0,849.412095719366,0,0.0010689168738800972
505664,36,7351169,2820023,0,847.8962302979487,0,0.0038250358219114643
505913,56,7673917,6672758,0,849.6590734866919,0,0.0006198663878328146
501516,51,13984242,8223082,1,849.7065289499668,0,0.0005335837273330306
504335,39,19009353,8497236,0,848.7614381993058,0,0.0022519305467167978
501965,57,3282043,3011847,1,848.1352822716568,0,0.0033903958697149477
506468,34,12881082,7750416,0,849.055812721562,0,0.001716704142614483
501933,21,3232818,11576111,0,835.5396857300011,0,0.02629148049090705
